<?xml version="1.0" encoding="UTF-8"?>
<project-private xmlns="http://www.netbeans.org/ns/project-private/1">
    <editor-bookmarks xmlns="http://www.netbeans.org/ns/editor-bookmarks/2" lastBookmarkId="0"/>
    <open-files xmlns="http://www.netbeans.org/ns/projectui-open-files/2">
        <group>
            <file>file:/D:/Documenten/%5BSchool%5D/FONTYS/Jaar%202/Semester%204/JCF41/Week%201/WoordenApplicatie/src/woordenapplicatie/WoordenApplicatie.java</file>
            <file>file:/D:/Documenten/%5BSchool%5D/FONTYS/Jaar%202/Semester%204/JCF41/Week%201/WoordenApplicatie/src/woordenapplicatie/gui/WoordenController.java</file>
        </group>
    </open-files>
</project-private>
